iter	RMSE
0	27728.07895
900	22494.94691
999	22414.71143
